SKU,Product Name,Brand,Category,Launch Year,MSRP,Warranty Claims,Avg Repair Cost,Total Components
LP0001,ProBook 10,ByteCore,Laptop,2020,899,51,373.3529411764706,6
LP0002,UltraBook 11,TechNova,Laptop,2023,1299,50,388.64,8
LP0003,ProBook 10,TechNova,Laptop,2020,899,43,308.3255813953488,6
LP0004,StudentBook 10,Apex,Laptop,2024,1699,70,375.2857142857143,6
LP0005,WorkBook 13,NeoTech,Laptop,2023,999,52,288.03846153846155,8
LP0006,ProBook 12,NeoTech,Laptop,2021,999,47,355.40425531914894,6
LP0007,UltraBook 13,ByteCore,Laptop,2019,699,58,348.9310344827586,6
LP0008,WorkBook 11,ByteCore,Laptop,2025,999,47,356.3191489361702,8
LP0009,StudentBook 14,TechNova,Laptop,2024,1299,47,362.2340425531915,6
LP0010,StudentBook 11,NeoTech,Laptop,2019,1699,55,350.23636363636365,7
LP0011,AirBook 15,Apex,Laptop,2024,699,48,354.8125,7
LP0012,ProBook 13,ByteCore,Laptop,2019,899,46,368.2391304347826,5
LP0013,ProBook 16,ByteCore,Laptop,2022,999,54,335.85185185185185,8
LP0014,UltraBook 15,ByteCore,Laptop,2020,999,54,345.14814814814815,6
LP0015,ProBook 12,Apex,Laptop,2020,1299,68,341.80882352941177,5
LP0016,WorkBook 14,Apex,Laptop,2024,999,50,323.78,8
LP0017,ProBook 13,TechNova,Laptop,2025,999,55,352.27272727272725,5
LP0018,WorkBook 14,TechNova,Laptop,2020,1699,46,332.4347826086956,6
LP0019,AirBook 13,NeoTech,Laptop,2022,1299,46,366.9130434782609,8
LP0020,UltraBook 14,Apex,Laptop,2020,1699,59,387.93220338983053,5
LP0021,StudentBook 14,NeoTech,Laptop,2023,1299,47,325.8085106382979,5
LP0022,AirBook 13,Apex,Laptop,2023,1299,46,327.1521739130435,8
LP0023,ProBook 10,TechNova,Laptop,2020,899,47,357.82978723404256,5
LP0024,WorkBook 11,NeoTech,Laptop,2022,1699,60,367.71666666666664,6
LP0025,WorkBook 14,TechNova,Laptop,2024,699,54,332.7037037037037,7
LP0026,StudentBook 14,ByteCore,Laptop,2019,999,61,342.39344262295083,8
LP0027,WorkBook 12,NeoTech,Laptop,2019,999,57,388.7719298245614,7
LP0028,StudentBook 12,TechNova,Laptop,2025,999,42,402.8095238095238,8
LP0029,StudentBook 13,Apex,Laptop,2021,899,47,385.74468085106383,5
LP0030,StudentBook 10,ByteCore,Laptop,2022,699,46,378.19565217391306,5
LP0031,ProBook 15,ByteCore,Laptop,2020,699,63,373.3015873015873,6
LP0032,UltraBook 11,TechNova,Laptop,2024,1299,54,369.25925925925924,7
LP0033,ProBook 12,Apex,Laptop,2024,1299,52,405.4230769230769,5
LP0034,StudentBook 12,ByteCore,Laptop,2023,1699,53,363.75471698113205,5
LP0035,WorkBook 13,Apex,Laptop,2024,999,41,356.9024390243902,8
LP0036,WorkBook 15,NeoTech,Laptop,2023,1299,48,361.8958333333333,8
LP0037,ProBook 13,Apex,Laptop,2019,999,55,368.1818181818182,8
LP0038,ProBook 13,Apex,Laptop,2019,699,50,449.14,6
LP0039,ProBook 13,TechNova,Laptop,2019,999,44,352.29545454545456,7
LP0040,ProBook 13,ByteCore,Laptop,2024,1299,38,385.13157894736844,8
LP0041,UltraBook 12,NeoTech,Laptop,2020,1299,70,391.37142857142857,8
LP0042,WorkBook 13,TechNova,Laptop,2019,1299,46,374.2608695652174,8
LP0043,AirBook 16,NeoTech,Laptop,2022,699,56,325.80357142857144,5
LP0044,ProBook 10,NeoTech,Laptop,2024,999,49,374.7755102040816,7
LP0045,ProBook 13,Apex,Laptop,2020,1699,50,352.9,6
LP0046,WorkBook 12,NeoTech,Laptop,2020,999,44,383.09090909090907,8
LP0047,WorkBook 13,TechNova,Laptop,2022,1699,56,345.75,6
LP0048,ProBook 10,TechNova,Laptop,2019,899,46,381.2173913043478,7
LP0049,UltraBook 16,NeoTech,Laptop,2022,899,53,347.58490566037733,5
LP0050,WorkBook 10,Apex,Laptop,2022,699,36,347.3333333333333,6
LP0051,WorkBook 14,NeoTech,Laptop,2021,1299,44,373.34090909090907,6
LP0052,StudentBook 17,Apex,Laptop,2020,999,55,360.54545454545456,6
LP0053,UltraBook 10,TechNova,Laptop,2024,999,54,399.6296296296296,5
LP0054,ProBook 10,NeoTech,Laptop,2023,1699,41,378.0975609756098,8
LP0055,UltraBook 10,TechNova,Laptop,2025,899,54,343.98148148148147,5
LP0056,ProBook 11,Apex,Laptop,2022,699,53,333.2641509433962,7
LP0057,StudentBook 13,TechNova,Laptop,2023,699,54,435.98148148148147,5
LP0058,WorkBook 15,ByteCore,Laptop,2020,999,53,399.24528301886795,8
LP0059,UltraBook 14,NeoTech,Laptop,2020,999,57,319.1929824561403,8
LP0060,WorkBook 15,TechNova,Laptop,2019,1299,49,373.7755102040816,8
LP0061,StudentBook 11,TechNova,Laptop,2023,899,52,344.25,7
LP0062,StudentBook 14,Apex,Laptop,2021,699,59,385.76271186440675,7
LP0063,UltraBook 15,ByteCore,Laptop,2020,1299,55,372.6545454545454,5
LP0064,StudentBook 14,TechNova,Laptop,2024,1699,45,425.6222222222222,5
LP0065,AirBook 11,Apex,Laptop,2021,699,42,300.57142857142856,6
LP0066,ProBook 12,ByteCore,Laptop,2021,1699,48,395.8333333333333,5
LP0067,UltraBook 15,Apex,Laptop,2024,999,52,363.59615384615387,5
LP0068,StudentBook 17,ByteCore,Laptop,2025,699,53,350.6792452830189,8
LP0069,ProBook 16,ByteCore,Laptop,2019,699,51,393.6078431372549,6
LP0070,AirBook 12,ByteCore,Laptop,2020,1299,45,364.64444444444445,7
LP0071,StudentBook 16,TechNova,Laptop,2019,699,58,407.9655172413793,5
LP0072,UltraBook 10,ByteCore,Laptop,2023,1699,46,359.2826086956522,7
LP0073,UltraBook 16,Apex,Laptop,2019,999,47,385.6595744680851,6
LP0074,AirBook 10,ByteCore,Laptop,2020,899,44,324.0681818181818,6
LP0075,ProBook 15,NeoTech,Laptop,2023,899,43,342.4418604651163,7
LP0076,UltraBook 12,Apex,Laptop,2022,699,51,372.03921568627453,8
LP0077,UltraBook 15,NeoTech,Laptop,2025,899,53,389.9622641509434,5
LP0078,AirBook 12,TechNova,Laptop,2022,699,38,421.9736842105263,5
LP0079,WorkBook 13,Apex,Laptop,2025,1299,41,374.8048780487805,5
LP0080,AirBook 14,Apex,Laptop,2020,699,43,390.6511627906977,6
LP0081,UltraBook 16,ByteCore,Laptop,2021,699,54,387.22222222222223,8
LP0082,AirBook 15,NeoTech,Laptop,2024,1699,60,389.68333333333334,8
LP0083,AirBook 10,TechNova,Laptop,2021,899,58,337.1034482758621,5
LP0084,StudentBook 14,TechNova,Laptop,2019,1699,61,366.37704918032784,5
LP0085,WorkBook 15,ByteCore,Laptop,2022,1699,46,341.45652173913044,7
LP0086,StudentBook 11,NeoTech,Laptop,2023,899,48,379.3958333333333,6
LP0087,AirBook 10,NeoTech,Laptop,2019,1699,43,324.25581395348837,5
LP0088,StudentBook 13,ByteCore,Laptop,2022,699,37,348.9189189189189,6
LP0089,AirBook 15,TechNova,Laptop,2024,999,38,454.57894736842104,5
LP0090,StudentBook 14,NeoTech,Laptop,2021,1299,42,316.3095238095238,7
LP0091,AirBook 12,Apex,Laptop,2022,1299,40,337.15,8
LP0092,UltraBook 14,NeoTech,Laptop,2023,699,53,310.77358490566036,5
LP0093,AirBook 14,Apex,Laptop,2022,1699,50,374.12,5
LP0094,StudentBook 15,NeoTech,Laptop,2022,1299,46,350.0652173913044,6
LP0095,UltraBook 17,Apex,Laptop,2024,699,42,382.3809523809524,8
LP0096,AirBook 15,TechNova,Laptop,2025,899,69,329.18840579710144,6
LP0097,AirBook 13,Apex,Laptop,2020,699,51,342.078431372549,6
LP0098,ProBook 13,NeoTech,Laptop,2023,699,42,354.4047619047619,5
LP0099,WorkBook 16,Apex,Laptop,2024,1299,47,357.21276595744683,8
LP0100,WorkBook 16,Apex,Laptop,2020,699,48,347.0,5
LP0101,ProBook 16,Apex,Laptop,2020,1699,48,413.0416666666667,5
LP0102,WorkBook 10,Apex,Laptop,2025,699,57,388.5964912280702,5
LP0103,WorkBook 12,NeoTech,Laptop,2024,1699,50,363.36,5
LP0104,StudentBook 15,NeoTech,Laptop,2023,1699,58,355.0689655172414,5
LP0105,WorkBook 17,Apex,Laptop,2024,1299,59,352.03389830508473,6
LP0106,WorkBook 14,Apex,Laptop,2025,999,60,340.1333333333333,8
LP0107,StudentBook 17,Apex,Laptop,2021,1299,39,371.43589743589746,6
LP0108,ProBook 14,Apex,Laptop,2021,999,68,377.47058823529414,8
LP0109,AirBook 11,Apex,Laptop,2020,899,65,360.6923076923077,5
LP0110,WorkBook 12,Apex,Laptop,2019,1299,54,378.31481481481484,6
LP0111,WorkBook 15,NeoTech,Laptop,2022,699,54,349.22222222222223,7
LP0112,UltraBook 16,NeoTech,Laptop,2025,1699,60,370.15,6
LP0113,ProBook 16,NeoTech,Laptop,2019,999,44,381.8181818181818,7
LP0114,AirBook 16,NeoTech,Laptop,2023,1699,46,391.30434782608694,5
LP0115,StudentBook 13,NeoTech,Laptop,2020,999,48,392.6458333333333,7
LP0116,WorkBook 17,TechNova,Laptop,2022,999,45,399.06666666666666,6
LP0117,WorkBook 12,NeoTech,Laptop,2020,1699,48,375.8333333333333,6
LP0118,StudentBook 10,NeoTech,Laptop,2023,1699,51,347.5098039215686,8
LP0119,ProBook 11,NeoTech,Laptop,2020,1299,41,370.5365853658537,7
LP0120,UltraBook 10,ByteCore,Laptop,2022,999,39,390.71794871794873,8
LP0121,UltraBook 17,ByteCore,Laptop,2021,1299,57,333.859649122807,7
LP0122,AirBook 16,ByteCore,Laptop,2025,699,43,368.3720930232558,5
LP0123,WorkBook 10,TechNova,Laptop,2021,899,46,337.9782608695652,5
LP0124,ProBook 10,TechNova,Laptop,2020,899,42,333.95238095238096,5
LP0125,ProBook 12,Apex,Laptop,2020,1299,49,368.2040816326531,8
LP0126,ProBook 13,NeoTech,Laptop,2024,999,46,386.0869565217391,6
LP0127,AirBook 12,TechNova,Laptop,2025,899,54,371.05555555555554,5
LP0128,AirBook 11,TechNova,Laptop,2021,1699,49,342.14285714285717,8
LP0129,WorkBook 16,Apex,Laptop,2019,1699,31,326.96774193548384,5
LP0130,UltraBook 11,ByteCore,Laptop,2025,1699,45,413.26666666666665,8
LP0131,ProBook 10,ByteCore,Laptop,2023,1299,49,340.3265306122449,5
LP0132,AirBook 11,ByteCore,Laptop,2019,1299,49,400.7959183673469,5
LP0133,WorkBook 11,NeoTech,Laptop,2021,1299,50,359.6,7
LP0134,UltraBook 16,Apex,Laptop,2024,1699,48,337.6041666666667,6
LP0135,AirBook 17,NeoTech,Laptop,2022,1699,45,374.22222222222223,8
LP0136,AirBook 15,Apex,Laptop,2025,699,51,350.52941176470586,8
LP0137,AirBook 17,Apex,Laptop,2025,1299,51,366.80392156862746,8
LP0138,StudentBook 16,ByteCore,Laptop,2019,1299,55,312.72727272727275,5
LP0139,AirBook 12,NeoTech,Laptop,2020,999,46,345.1521739130435,5
LP0140,AirBook 15,ByteCore,Laptop,2023,999,57,342.3333333333333,5
LP0141,StudentBook 10,Apex,Laptop,2019,899,36,351.4166666666667,6
LP0142,WorkBook 17,Apex,Laptop,2024,1299,41,404.7560975609756,6
LP0143,WorkBook 17,TechNova,Laptop,2019,999,51,325.03921568627453,5
LP0144,UltraBook 16,Apex,Laptop,2021,1699,58,374.91379310344826,6
LP0145,AirBook 17,ByteCore,Laptop,2022,1699,65,394.8615384615385,6
LP0146,AirBook 15,NeoTech,Laptop,2021,999,53,345.41509433962267,8
LP0147,AirBook 13,TechNova,Laptop,2024,899,44,360.34090909090907,5
LP0148,AirBook 11,Apex,Laptop,2020,899,38,372.5,6
LP0149,WorkBook 14,ByteCore,Laptop,2019,899,46,340.19565217391306,6
LP0150,AirBook 13,ByteCore,Laptop,2020,999,49,360.48979591836735,6
LP0151,ProBook 12,ByteCore,Laptop,2019,699,47,360.25531914893617,8
LP0152,StudentBook 14,Apex,Laptop,2024,1299,46,405.3695652173913,7
LP0153,ProBook 10,ByteCore,Laptop,2022,1299,66,370.8181818181818,6
LP0154,WorkBook 15,Apex,Laptop,2019,999,67,389.13432835820896,6
LP0155,WorkBook 11,TechNova,Laptop,2022,1299,46,367.6521739130435,8
LP0156,ProBook 10,Apex,Laptop,2020,1699,49,294.14285714285717,7
LP0157,AirBook 11,Apex,Laptop,2019,1699,50,369.22,8
LP0158,WorkBook 13,NeoTech,Laptop,2022,1299,47,373.25531914893617,8
LP0159,AirBook 16,ByteCore,Laptop,2023,1699,51,358.5098039215686,8
LP0160,ProBook 11,Apex,Laptop,2024,899,46,344.2173913043478,6
LP0161,AirBook 11,Apex,Laptop,2020,899,55,395.8909090909091,7
LP0162,StudentBook 11,Apex,Laptop,2019,1299,55,348.2909090909091,7
LP0163,WorkBook 17,ByteCore,Laptop,2019,899,38,395.7368421052632,7
LP0164,AirBook 14,NeoTech,Laptop,2019,899,38,328.6578947368421,6
LP0165,AirBook 13,NeoTech,Laptop,2019,1699,53,321.60377358490564,6
LP0166,UltraBook 12,ByteCore,Laptop,2025,899,52,397.96153846153845,8
LP0167,ProBook 10,Apex,Laptop,2025,999,52,364.15384615384613,6
LP0168,StudentBook 14,NeoTech,Laptop,2019,1299,54,381.6111111111111,6
LP0169,AirBook 16,ByteCore,Laptop,2023,1699,39,363.94871794871796,7
LP0170,WorkBook 17,TechNova,Laptop,2023,699,52,340.0769230769231,7
LP0171,WorkBook 15,ByteCore,Laptop,2019,699,48,372.9791666666667,7
LP0172,UltraBook 10,ByteCore,Laptop,2023,699,53,357.0,6
LP0173,UltraBook 17,NeoTech,Laptop,2021,899,58,346.2758620689655,7
LP0174,StudentBook 16,NeoTech,Laptop,2019,1299,54,377.0740740740741,7
LP0175,AirBook 16,ByteCore,Laptop,2021,699,60,387.98333333333335,8
LP0176,UltraBook 15,NeoTech,Laptop,2024,1299,41,373.1707317073171,7
LP0177,AirBook 16,TechNova,Laptop,2022,699,48,304.0416666666667,7
LP0178,AirBook 14,ByteCore,Laptop,2019,1299,63,387.5079365079365,8
LP0179,StudentBook 10,NeoTech,Laptop,2022,699,54,404.4259259259259,8
LP0180,UltraBook 15,NeoTech,Laptop,2024,1299,40,371.1,7
LP0181,ProBook 13,ByteCore,Laptop,2023,899,51,372.15686274509807,5
LP0182,AirBook 17,NeoTech,Laptop,2019,699,48,412.2083333333333,8
LP0183,StudentBook 13,Apex,Laptop,2021,1699,50,337.86,7
LP0184,ProBook 16,TechNova,Laptop,2020,699,51,396.45098039215685,7
LP0185,WorkBook 11,Apex,Laptop,2022,999,57,372.9298245614035,7
LP0186,StudentBook 14,NeoTech,Laptop,2025,1299,55,361.6909090909091,8
LP0187,WorkBook 13,NeoTech,Laptop,2023,899,50,376.94,5
LP0188,WorkBook 13,Apex,Laptop,2025,699,50,344.08,6
LP0189,AirBook 16,ByteCore,Laptop,2025,1699,57,338.140350877193,6
LP0190,AirBook 10,ByteCore,Laptop,2024,999,54,366.74074074074076,7
LP0191,StudentBook 17,Apex,Laptop,2022,1699,55,380.5090909090909,8
LP0192,WorkBook 15,ByteCore,Laptop,2023,1699,54,368.44444444444446,5
LP0193,WorkBook 17,ByteCore,Laptop,2025,899,55,359.1272727272727,5
LP0194,UltraBook 16,Apex,Laptop,2025,1299,43,324.48837209302326,6
LP0195,ProBook 15,NeoTech,Laptop,2024,1299,55,374.09090909090907,7
LP0196,WorkBook 12,NeoTech,Laptop,2019,899,56,314.375,6
LP0197,StudentBook 15,TechNova,Laptop,2025,1299,35,333.8857142857143,5
LP0198,ProBook 17,TechNova,Laptop,2024,899,47,311.93617021276594,8
LP0199,WorkBook 12,TechNova,Laptop,2022,999,55,341.76363636363635,8
LP0200,AirBook 16,TechNova,Laptop,2025,999,44,311.1136363636364,6
LP0201,StudentBook 16,ByteCore,Laptop,2024,1299,40,379.175,6
LP0202,StudentBook 10,TechNova,Laptop,2020,999,51,372.8627450980392,6
LP0203,UltraBook 11,NeoTech,Laptop,2019,699,49,379.2448979591837,6
LP0204,WorkBook 12,ByteCore,Laptop,2019,699,53,387.2641509433962,7
LP0205,AirBook 10,ByteCore,Laptop,2021,999,47,400.8936170212766,6
LP0206,WorkBook 12,Apex,Laptop,2023,1299,58,335.3965517241379,6
LP0207,StudentBook 12,Apex,Laptop,2020,699,55,359.1454545454545,6
LP0208,StudentBook 16,Apex,Laptop,2022,1699,61,352.1967213114754,8
LP0209,UltraBook 13,NeoTech,Laptop,2024,999,51,384.96078431372547,6
LP0210,WorkBook 14,TechNova,Laptop,2025,1299,48,323.6041666666667,5
LP0211,AirBook 12,TechNova,Laptop,2022,999,39,344.2564102564103,8
LP0212,StudentBook 14,NeoTech,Laptop,2024,999,31,417.96774193548384,6
LP0213,WorkBook 14,Apex,Laptop,2022,1299,52,374.53846153846155,6
LP0214,ProBook 13,NeoTech,Laptop,2023,999,50,347.5,6
LP0215,StudentBook 14,ByteCore,Laptop,2019,1299,58,383.98275862068965,6
LP0216,AirBook 10,TechNova,Laptop,2023,1299,49,321.3469387755102,6
LP0217,AirBook 13,ByteCore,Laptop,2020,899,45,371.75555555555553,5
LP0218,StudentBook 14,Apex,Laptop,2024,699,60,379.6166666666667,5
LP0219,ProBook 14,NeoTech,Laptop,2019,1699,54,353.35185185185185,6
LP0220,AirBook 12,TechNova,Laptop,2021,999,57,344.70175438596493,8
LP0221,WorkBook 12,Apex,Laptop,2020,1699,43,333.5813953488372,6
LP0222,AirBook 14,Apex,Laptop,2021,1299,49,395.6734693877551,7
LP0223,AirBook 15,TechNova,Laptop,2022,699,53,370.49056603773585,7
LP0224,UltraBook 13,NeoTech,Laptop,2025,1699,50,361.0,5
LP0225,AirBook 11,NeoTech,Laptop,2019,999,53,338.3207547169811,6
LP0226,StudentBook 11,NeoTech,Laptop,2021,999,46,368.4347826086956,6
LP0227,StudentBook 16,ByteCore,Laptop,2019,899,40,347.7,7
LP0228,WorkBook 10,ByteCore,Laptop,2023,899,40,368.625,8
LP0229,ProBook 17,ByteCore,Laptop,2024,1299,50,383.88,5
LP0230,ProBook 12,TechNova,Laptop,2019,999,52,343.4807692307692,6
LP0231,WorkBook 11,TechNova,Laptop,2020,1699,37,370.0,5
LP0232,UltraBook 16,NeoTech,Laptop,2021,1699,38,345.5,8
LP0233,WorkBook 12,NeoTech,Laptop,2024,699,54,344.98148148148147,6
LP0234,WorkBook 16,ByteCore,Laptop,2019,999,43,364.95348837209303,6
LP0235,UltraBook 17,NeoTech,Laptop,2020,999,48,366.8125,7
LP0236,ProBook 15,ByteCore,Laptop,2019,1299,53,363.9056603773585,5
LP0237,AirBook 13,TechNova,Laptop,2025,1299,36,334.55555555555554,8
LP0238,ProBook 13,TechNova,Laptop,2019,999,44,326.70454545454544,5
LP0239,UltraBook 12,Apex,Laptop,2019,1699,41,270.2439024390244,5
LP0240,UltraBook 13,Apex,Laptop,2021,899,59,347.6949152542373,5
LP0241,StudentBook 10,ByteCore,Laptop,2025,899,45,403.6,5
LP0242,UltraBook 14,Apex,Laptop,2019,699,36,404.3333333333333,7
LP0243,UltraBook 10,ByteCore,Laptop,2025,899,39,332.56410256410254,5
LP0244,StudentBook 15,TechNova,Laptop,2020,999,46,338.5869565217391,8
LP0245,ProBook 12,NeoTech,Laptop,2023,699,55,387.25454545454545,6
LP0246,ProBook 17,NeoTech,Laptop,2025,999,54,417.5,5
LP0247,StudentBook 11,NeoTech,Laptop,2023,899,60,363.71666666666664,8
LP0248,StudentBook 10,ByteCore,Laptop,2022,699,40,361.125,8
LP0249,ProBook 17,NeoTech,Laptop,2022,699,47,374.8510638297872,5
LP0250,WorkBook 17,TechNova,Laptop,2019,999,51,389.19607843137254,7
LP0251,StudentBook 12,TechNova,Laptop,2020,999,64,387.109375,5
LP0252,StudentBook 15,NeoTech,Laptop,2023,1699,46,311.0652173913044,6
LP0253,AirBook 17,NeoTech,Laptop,2019,699,62,368.4032258064516,7
LP0254,StudentBook 13,NeoTech,Laptop,2022,899,52,334.84615384615387,5
LP0255,WorkBook 15,NeoTech,Laptop,2022,1299,45,365.64444444444445,7
LP0256,ProBook 15,NeoTech,Laptop,2021,999,45,394.0444444444444,8
LP0257,AirBook 12,NeoTech,Laptop,2019,699,53,377.7169811320755,7
LP0258,ProBook 11,NeoTech,Laptop,2019,999,55,358.96363636363634,5
LP0259,UltraBook 10,ByteCore,Laptop,2024,699,48,349.2291666666667,5
LP0260,WorkBook 15,NeoTech,Laptop,2025,699,40,317.55,5
LP0261,AirBook 14,ByteCore,Laptop,2019,1699,55,403.3818181818182,8
LP0262,StudentBook 13,Apex,Laptop,2024,1299,47,356.48936170212767,6
LP0263,UltraBook 11,ByteCore,Laptop,2025,1699,53,352.0188679245283,7
LP0264,AirBook 11,ByteCore,Laptop,2023,899,44,442.29545454545456,7
LP0265,WorkBook 10,ByteCore,Laptop,2019,899,47,372.48936170212767,7
LP0266,AirBook 14,ByteCore,Laptop,2021,699,50,388.42,8
LP0267,UltraBook 12,NeoTech,Laptop,2019,899,39,421.1794871794872,6
LP0268,ProBook 11,Apex,Laptop,2022,1299,50,351.7,8
LP0269,WorkBook 15,Apex,Laptop,2021,999,57,371.43859649122805,8
LP0270,AirBook 11,TechNova,Laptop,2020,899,48,356.0,5
LP0271,StudentBook 10,TechNova,Laptop,2021,1299,45,336.9111111111111,7
LP0272,WorkBook 17,NeoTech,Laptop,2022,999,58,405.0344827586207,6
LP0273,UltraBook 11,ByteCore,Laptop,2022,699,47,396.3829787234043,6
LP0274,AirBook 17,ByteCore,Laptop,2019,899,44,376.5,8
LP0275,WorkBook 10,TechNova,Laptop,2020,999,59,319.135593220339,7
LP0276,UltraBook 12,ByteCore,Laptop,2021,999,60,348.43333333333334,5
LP0277,ProBook 10,NeoTech,Laptop,2024,1299,55,386.07272727272726,5
LP0278,UltraBook 12,NeoTech,Laptop,2023,899,50,360.06,5
LP0279,StudentBook 15,TechNova,Laptop,2022,699,44,347.77272727272725,5
LP0280,WorkBook 10,NeoTech,Laptop,2019,999,51,352.078431372549,6
LP0281,StudentBook 16,NeoTech,Laptop,2024,1299,53,341.54716981132077,6
LP0282,AirBook 11,NeoTech,Laptop,2019,999,60,348.8833333333333,6
LP0283,UltraBook 17,ByteCore,Laptop,2019,1299,55,364.94545454545454,6
LP0284,ProBook 13,NeoTech,Laptop,2023,1299,48,383.8958333333333,5
LP0285,StudentBook 11,NeoTech,Laptop,2025,999,54,343.24074074074076,7
LP0286,AirBook 13,ByteCore,Laptop,2025,899,40,325.3,6
LP0287,ProBook 11,Apex,Laptop,2025,999,56,376.51785714285717,8
LP0288,AirBook 12,Apex,Laptop,2019,899,55,354.94545454545454,6
LP0289,AirBook 13,Apex,Laptop,2023,899,58,347.7758620689655,6
LP0290,ProBook 12,NeoTech,Laptop,2022,1699,58,330.48275862068965,6
LP0291,StudentBook 17,ByteCore,Laptop,2025,999,49,393.6326530612245,5
LP0292,UltraBook 17,TechNova,Laptop,2022,1299,39,392.4102564102564,8
LP0293,AirBook 14,TechNova,Laptop,2021,1699,43,368.16279069767444,8
LP0294,ProBook 14,NeoTech,Laptop,2022,699,46,377.4347826086956,8
LP0295,ProBook 15,ByteCore,Laptop,2019,699,45,371.64444444444445,7
LP0296,StudentBook 16,NeoTech,Laptop,2023,1699,42,371.0952380952381,5
LP0297,ProBook 17,Apex,Laptop,2021,1699,53,349.188679245283,8
LP0298,WorkBook 12,TechNova,Laptop,2022,699,49,349.7755102040816,8
LP0299,AirBook 11,Apex,Laptop,2019,899,44,406.5681818181818,7
LP0300,WorkBook 17,Apex,Laptop,2021,999,48,303.8333333333333,6
LP0301,AirBook 16,NeoTech,Laptop,2025,999,44,337.45454545454544,5
LP0302,StudentBook 10,ByteCore,Laptop,2019,999,47,358.5744680851064,5
LP0303,ProBook 16,ByteCore,Laptop,2021,1699,50,367.86,6
LP0304,UltraBook 15,TechNova,Laptop,2023,899,38,387.60526315789474,5
LP0305,AirBook 14,NeoTech,Laptop,2020,1699,42,382.5952380952381,7
LP0306,ProBook 14,NeoTech,Laptop,2024,999,54,358.85185185185185,7
LP0307,UltraBook 11,NeoTech,Laptop,2023,999,41,337.4878048780488,5
LP0308,ProBook 15,ByteCore,Laptop,2020,899,66,339.469696969697,8
LP0309,AirBook 17,Apex,Laptop,2020,899,60,370.81666666666666,6
LP0310,UltraBook 11,ByteCore,Laptop,2025,699,54,343.3703703703704,7
LP0311,StudentBook 10,ByteCore,Laptop,2025,1699,49,386.2040816326531,7
LP0312,UltraBook 16,Apex,Laptop,2020,899,49,330.55102040816325,8
LP0313,StudentBook 12,NeoTech,Laptop,2019,1299,53,366.8490566037736,7
LP0314,AirBook 13,NeoTech,Laptop,2023,999,49,401.3469387755102,7
LP0315,WorkBook 13,Apex,Laptop,2021,1299,49,345.40816326530614,8
LP0316,UltraBook 15,NeoTech,Laptop,2022,999,58,415.87931034482756,8
LP0317,WorkBook 16,Apex,Laptop,2025,899,37,356.86486486486484,6
LP0318,StudentBook 12,ByteCore,Laptop,2019,1299,44,370.54545454545456,6
LP0319,AirBook 11,TechNova,Laptop,2021,699,55,384.1818181818182,8
LP0320,UltraBook 14,NeoTech,Laptop,2023,899,67,344.089552238806,7
LP0321,WorkBook 11,Apex,Laptop,2025,1299,55,374.1272727272727,6
LP0322,AirBook 10,NeoTech,Laptop,2019,1299,50,388.44,7
LP0323,StudentBook 15,Apex,Laptop,2022,699,60,316.96666666666664,6
LP0324,AirBook 13,TechNova,Laptop,2021,699,38,372.0263157894737,6
LP0325,AirBook 12,Apex,Laptop,2019,999,46,352.89130434782606,7
LP0326,WorkBook 12,NeoTech,Laptop,2022,1699,46,331.04347826086956,5
LP0327,ProBook 11,TechNova,Laptop,2021,899,57,375.0175438596491,5
LP0328,UltraBook 16,TechNova,Laptop,2025,999,68,378.97058823529414,6
LP0329,UltraBook 14,TechNova,Laptop,2019,899,63,396.04761904761904,8
LP0330,WorkBook 17,TechNova,Laptop,2019,1299,44,368.65909090909093,8
LP0331,StudentBook 10,Apex,Laptop,2024,899,61,371.672131147541,5
LP0332,AirBook 16,TechNova,Laptop,2023,999,52,368.63461538461536,5
LP0333,UltraBook 16,Apex,Laptop,2024,699,45,304.9111111111111,8
LP0334,StudentBook 15,TechNova,Laptop,2023,1699,62,414.98387096774195,7
LP0335,StudentBook 10,NeoTech,Laptop,2025,1299,49,378.1020408163265,7
LP0336,ProBook 16,ByteCore,Laptop,2021,699,43,355.95348837209303,7
LP0337,AirBook 11,ByteCore,Laptop,2020,699,50,359.7,8
LP0338,StudentBook 15,Apex,Laptop,2019,999,52,372.5,8
LP0339,StudentBook 15,Apex,Laptop,2025,1299,54,344.4259259259259,6
LP0340,WorkBook 12,Apex,Laptop,2019,1299,48,387.4166666666667,6
LP0341,ProBook 14,Apex,Laptop,2019,899,56,334.32142857142856,5
LP0342,ProBook 15,ByteCore,Laptop,2023,1299,39,387.3076923076923,6
LP0343,StudentBook 17,ByteCore,Laptop,2019,899,51,377.84313725490193,7
LP0344,AirBook 15,TechNova,Laptop,2025,999,55,362.0181818181818,8
LP0345,AirBook 11,ByteCore,Laptop,2022,1299,53,392.8301886792453,5
LP0346,WorkBook 16,ByteCore,Laptop,2020,1299,53,366.0566037735849,8
LP0347,WorkBook 15,ByteCore,Laptop,2025,699,41,350.7317073170732,6
LP0348,WorkBook 11,NeoTech,Laptop,2023,899,46,319.69565217391306,5
LP0349,StudentBook 14,ByteCore,Laptop,2019,699,55,417.8,6
LP0350,AirBook 14,ByteCore,Laptop,2022,1699,36,387.0,7
LP0351,WorkBook 12,NeoTech,Laptop,2021,1299,42,400.0952380952381,8
LP0352,ProBook 15,NeoTech,Laptop,2021,699,45,333.3777777777778,6
LP0353,ProBook 16,ByteCore,Laptop,2023,899,55,400.03636363636366,6
LP0354,ProBook 12,NeoTech,Laptop,2019,899,47,365.51063829787233,6
LP0355,ProBook 13,ByteCore,Laptop,2021,1299,54,389.7037037037037,8
LP0356,StudentBook 10,Apex,Laptop,2024,1299,39,400.0,8
LP0357,AirBook 15,NeoTech,Laptop,2025,699,59,328.54237288135596,8
LP0358,StudentBook 12,ByteCore,Laptop,2022,999,57,350.9122807017544,6
LP0359,AirBook 13,TechNova,Laptop,2019,899,55,457.2,6
LP0360,WorkBook 16,TechNova,Laptop,2021,999,49,306.0,6
LP0361,WorkBook 13,ByteCore,Laptop,2024,1299,44,314.95454545454544,8
LP0362,UltraBook 11,Apex,Laptop,2025,699,42,388.9047619047619,6
LP0363,WorkBook 12,NeoTech,Laptop,2019,999,52,363.84615384615387,8
LP0364,AirBook 11,ByteCore,Laptop,2021,899,48,353.625,8
LP0365,UltraBook 15,Apex,Laptop,2019,899,39,350.61538461538464,8
LP0366,UltraBook 13,NeoTech,Laptop,2019,999,62,355.48387096774195,5
LP0367,StudentBook 15,NeoTech,Laptop,2025,1699,49,361.9591836734694,6
LP0368,UltraBook 11,TechNova,Laptop,2021,1299,50,393.78,6
LP0369,WorkBook 16,NeoTech,Laptop,2025,1699,39,344.0,6
LP0370,ProBook 12,ByteCore,Laptop,2024,699,64,389.453125,8
LP0371,WorkBook 17,ByteCore,Laptop,2020,1699,52,385.75,5
LP0372,StudentBook 12,Apex,Laptop,2022,1699,41,357.1951219512195,5
LP0373,ProBook 11,Apex,Laptop,2021,899,49,341.57142857142856,7
LP0374,UltraBook 15,Apex,Laptop,2021,1699,51,371.7647058823529,6
LP0375,AirBook 11,ByteCore,Laptop,2020,1699,53,396.45283018867923,8
LP0376,AirBook 12,ByteCore,Laptop,2023,1699,53,320.6981132075472,5
LP0377,ProBook 12,Apex,Laptop,2020,1699,44,356.6818181818182,7
LP0378,StudentBook 15,TechNova,Laptop,2025,699,49,371.81632653061223,6
LP0379,ProBook 10,ByteCore,Laptop,2024,899,59,354.59322033898303,8
LP0380,StudentBook 16,TechNova,Laptop,2022,1699,38,381.3421052631579,8
LP0381,AirBook 14,NeoTech,Laptop,2020,1299,45,351.6222222222222,7
LP0382,AirBook 17,TechNova,Laptop,2024,699,47,358.2340425531915,5
LP0383,UltraBook 17,NeoTech,Laptop,2022,1299,56,392.5,6
LP0384,UltraBook 15,Apex,Laptop,2021,999,40,339.2,8
LP0385,AirBook 16,Apex,Laptop,2025,999,40,377.025,7
LP0386,StudentBook 11,ByteCore,Laptop,2020,1299,59,395.23728813559325,6
LP0387,ProBook 14,NeoTech,Laptop,2020,899,54,345.0925925925926,5
LP0388,ProBook 10,ByteCore,Laptop,2022,1699,60,413.65,8
LP0389,WorkBook 13,Apex,Laptop,2025,999,62,352.66129032258067,5
LP0390,StudentBook 15,Apex,Laptop,2025,899,48,336.7708333333333,6
LP0391,WorkBook 17,NeoTech,Laptop,2021,1299,39,362.5897435897436,6
LP0392,ProBook 11,NeoTech,Laptop,2023,1299,41,399.8780487804878,7
LP0393,UltraBook 13,ByteCore,Laptop,2019,699,53,335.6981132075472,7
LP0394,AirBook 17,NeoTech,Laptop,2021,1699,51,394.27450980392155,8
LP0395,ProBook 11,NeoTech,Laptop,2020,999,57,412.280701754386,5
LP0396,AirBook 16,ByteCore,Laptop,2019,1299,51,393.54901960784315,6
LP0397,ProBook 13,ByteCore,Laptop,2023,999,54,337.98148148148147,5
LP0398,ProBook 16,NeoTech,Laptop,2025,1699,56,381.23214285714283,5
LP0399,AirBook 11,Apex,Laptop,2019,1299,55,337.4909090909091,6
LP0400,AirBook 15,ByteCore,Laptop,2025,899,42,403.64285714285717,7
LP0401,UltraBook 16,TechNova,Laptop,2019,699,47,359.02127659574467,6
LP0402,UltraBook 15,NeoTech,Laptop,2023,1299,40,353.075,8
LP0403,UltraBook 12,ByteCore,Laptop,2023,999,52,346.0,6
LP0404,UltraBook 16,ByteCore,Laptop,2023,999,32,365.5625,5
LP0405,StudentBook 17,ByteCore,Laptop,2022,699,46,313.17391304347825,7
LP0406,AirBook 15,TechNova,Laptop,2022,1699,54,343.55555555555554,8
LP0407,AirBook 10,NeoTech,Laptop,2021,1699,60,356.75,6
LP0408,StudentBook 13,TechNova,Laptop,2023,1299,47,375.5744680851064,6
LP0409,UltraBook 16,Apex,Laptop,2025,899,54,370.4074074074074,6
LP0410,ProBook 11,Apex,Laptop,2019,1299,37,383.2972972972973,8
LP0411,AirBook 16,Apex,Laptop,2022,899,41,398.9756097560976,8
LP0412,WorkBook 17,TechNova,Laptop,2024,899,50,385.0,7
LP0413,StudentBook 13,ByteCore,Laptop,2024,1299,53,370.64150943396226,6
LP0414,StudentBook 16,ByteCore,Laptop,2020,1299,49,338.9183673469388,5
LP0415,StudentBook 15,ByteCore,Laptop,2024,999,51,381.7647058823529,8
LP0416,StudentBook 17,Apex,Laptop,2020,999,50,344.9,5
LP0417,StudentBook 14,Apex,Laptop,2021,999,58,350.63793103448273,5
LP0418,UltraBook 17,ByteCore,Laptop,2022,999,63,365.0,7
LP0419,StudentBook 14,ByteCore,Laptop,2019,1699,49,319.6734693877551,6
LP0420,StudentBook 16,NeoTech,Laptop,2025,999,50,377.96,7
LP0421,UltraBook 14,TechNova,Laptop,2021,699,46,426.0,7
LP0422,AirBook 17,ByteCore,Laptop,2024,1299,54,360.85185185185185,7
LP0423,UltraBook 13,ByteCore,Laptop,2023,999,53,351.811320754717,6
LP0424,UltraBook 11,Apex,Laptop,2020,699,42,327.45238095238096,6
LP0425,StudentBook 13,Apex,Laptop,2019,699,55,313.76363636363635,6
LP0426,WorkBook 15,NeoTech,Laptop,2019,899,51,386.5686274509804,8
LP0427,ProBook 12,NeoTech,Laptop,2024,1299,44,361.70454545454544,5
LP0428,WorkBook 13,ByteCore,Laptop,2021,999,48,373.7916666666667,7
LP0429,ProBook 11,Apex,Laptop,2023,699,39,370.87179487179486,8
LP0430,UltraBook 16,Apex,Laptop,2019,1299,47,378.5531914893617,5
LP0431,WorkBook 12,ByteCore,Laptop,2019,699,39,405.43589743589746,8
LP0432,AirBook 11,ByteCore,Laptop,2021,1299,40,412.8,5
LP0433,StudentBook 17,Apex,Laptop,2025,1699,44,300.6363636363636,7
LP0434,WorkBook 14,Apex,Laptop,2025,699,46,366.3695652173913,6
LP0435,AirBook 12,NeoTech,Laptop,2024,999,60,340.85,5
LP0436,UltraBook 10,ByteCore,Laptop,2025,999,54,342.48148148148147,7
LP0437,StudentBook 13,Apex,Laptop,2023,1299,52,348.13461538461536,7
LP0438,WorkBook 15,TechNova,Laptop,2022,699,46,373.8478260869565,7
LP0439,UltraBook 12,NeoTech,Laptop,2021,899,40,352.025,8
LP0440,ProBook 14,NeoTech,Laptop,2020,1299,61,355.75409836065575,5
LP0441,AirBook 15,ByteCore,Laptop,2023,1699,51,365.70588235294116,7
LP0442,ProBook 14,ByteCore,Laptop,2024,899,59,412.64406779661016,8
LP0443,ProBook 11,NeoTech,Laptop,2021,899,58,412.5,6
LP0444,WorkBook 14,TechNova,Laptop,2024,999,46,372.7391304347826,8
LP0445,AirBook 13,Apex,Laptop,2020,1299,55,391.27272727272725,6
LP0446,UltraBook 17,ByteCore,Laptop,2022,1699,53,359.45283018867923,8
LP0447,WorkBook 13,Apex,Laptop,2024,1699,51,394.62745098039215,7
LP0448,ProBook 17,ByteCore,Laptop,2019,1699,39,380.71794871794873,5
LP0449,ProBook 10,Apex,Laptop,2023,1699,55,330.8727272727273,6
LP0450,UltraBook 12,ByteCore,Laptop,2025,1699,63,337.3809523809524,8
LP0451,WorkBook 11,Apex,Laptop,2024,1699,50,344.54,8
LP0452,WorkBook 11,NeoTech,Laptop,2025,699,40,404.75,5
LP0453,WorkBook 12,NeoTech,Laptop,2022,1699,47,364.1276595744681,8
LP0454,ProBook 17,ByteCore,Laptop,2024,699,50,306.24,7
LP0455,WorkBook 14,TechNova,Laptop,2024,899,45,352.35555555555555,8
LP0456,StudentBook 11,TechNova,Laptop,2022,999,57,370.4561403508772,6
LP0457,ProBook 10,TechNova,Laptop,2022,699,58,395.2068965517241,7
LP0458,AirBook 16,Apex,Laptop,2025,899,53,391.8867924528302,7
LP0459,WorkBook 15,NeoTech,Laptop,2022,1299,46,361.7826086956522,8
LP0460,WorkBook 11,Apex,Laptop,2024,999,60,384.5,6
LP0461,ProBook 12,NeoTech,Laptop,2023,899,64,333.234375,7
LP0462,UltraBook 10,TechNova,Laptop,2021,1299,49,386.3469387755102,8
LP0463,StudentBook 16,NeoTech,Laptop,2025,899,43,353.6744186046512,5
LP0464,UltraBook 17,ByteCore,Laptop,2020,999,53,380.811320754717,6
LP0465,UltraBook 11,TechNova,Laptop,2025,1299,46,362.2826086956522,6
LP0466,StudentBook 10,Apex,Laptop,2020,699,50,342.92,6
LP0467,ProBook 10,NeoTech,Laptop,2023,699,55,380.96363636363634,6
LP0468,UltraBook 10,NeoTech,Laptop,2022,899,35,443.65714285714284,6
LP0469,StudentBook 13,TechNova,Laptop,2020,1699,56,321.85714285714283,7
LP0470,AirBook 13,ByteCore,Laptop,2023,1699,55,343.3454545454546,8
LP0471,AirBook 13,ByteCore,Laptop,2020,1699,54,378.8333333333333,6
LP0472,UltraBook 16,ByteCore,Laptop,2021,699,51,355.7647058823529,7
LP0473,StudentBook 12,NeoTech,Laptop,2023,1299,50,347.84,6
LP0474,ProBook 15,NeoTech,Laptop,2025,1699,40,341.125,7
LP0475,AirBook 16,NeoTech,Laptop,2020,999,53,350.45283018867923,6
LP0476,WorkBook 12,NeoTech,Laptop,2020,899,34,376.5,5
LP0477,AirBook 12,NeoTech,Laptop,2019,1699,56,364.7142857142857,7
LP0478,WorkBook 16,Apex,Laptop,2022,899,46,328.6304347826087,5
LP0479,AirBook 13,ByteCore,Laptop,2024,699,63,416.73015873015873,7
LP0480,WorkBook 15,TechNova,Laptop,2023,899,43,309.83720930232556,7
LP0481,ProBook 14,NeoTech,Laptop,2024,1699,42,364.64285714285717,8
LP0482,StudentBook 10,TechNova,Laptop,2020,1699,51,362.88235294117646,6
LP0483,StudentBook 13,NeoTech,Laptop,2020,999,55,328.56363636363636,7
LP0484,AirBook 10,Apex,Laptop,2020,699,71,356.9577464788732,8
LP0485,WorkBook 13,Apex,Laptop,2022,899,44,393.6818181818182,7
LP0486,StudentBook 15,ByteCore,Laptop,2022,1299,51,390.2549019607843,5
LP0487,StudentBook 15,ByteCore,Laptop,2021,999,49,375.85714285714283,8
LP0488,StudentBook 17,NeoTech,Laptop,2019,1299,42,389.1190476190476,6
LP0489,AirBook 13,ByteCore,Laptop,2021,1299,58,331.63793103448273,5
LP0490,ProBook 13,Apex,Laptop,2019,999,37,345.8918918918919,8
LP0491,StudentBook 16,ByteCore,Laptop,2020,899,55,382.27272727272725,8
LP0492,AirBook 13,NeoTech,Laptop,2023,899,53,347.6792452830189,6
LP0493,WorkBook 15,ByteCore,Laptop,2025,1299,51,365.4313725490196,8
LP0494,WorkBook 17,Apex,Laptop,2024,999,53,365.41509433962267,6
LP0495,UltraBook 12,NeoTech,Laptop,2020,1699,57,404.64912280701753,7
LP0496,ProBook 10,TechNova,Laptop,2025,699,51,410.11764705882354,6
LP0497,ProBook 16,Apex,Laptop,2025,899,47,366.97872340425533,5
LP0498,ProBook 12,TechNova,Laptop,2020,1699,47,329.70212765957444,5
LP0499,WorkBook 15,TechNova,Laptop,2023,1699,51,332.1372549019608,8
LP0500,WorkBook 17,TechNova,Laptop,2019,1699,43,336.90697674418607,6
LP0501,StudentBook 16,TechNova,Laptop,2019,1699,52,394.25,5
LP0502,AirBook 14,TechNova,Laptop,2023,1299,44,311.20454545454544,7
LP0503,UltraBook 11,TechNova,Laptop,2023,899,58,353.1896551724138,5
LP0504,UltraBook 13,ByteCore,Laptop,2025,999,59,351.1864406779661,5
LP0505,AirBook 16,TechNova,Laptop,2021,1299,49,350.40816326530614,8
LP0506,WorkBook 13,Apex,Laptop,2021,699,56,361.07142857142856,7
LP0507,ProBook 11,NeoTech,Laptop,2022,1299,50,320.7,8
LP0508,StudentBook 17,TechNova,Laptop,2024,699,46,348.10869565217394,8
LP0509,UltraBook 11,NeoTech,Laptop,2025,1299,44,386.5,8
LP0510,AirBook 11,TechNova,Laptop,2020,899,41,362.0,7
LP0511,StudentBook 17,ByteCore,Laptop,2019,699,59,305.9491525423729,5
LP0512,AirBook 10,Apex,Laptop,2025,999,59,377.50847457627117,5
LP0513,ProBook 13,Apex,Laptop,2025,1299,44,379.1363636363636,6
LP0514,ProBook 14,Apex,Laptop,2023,899,63,355.5238095238095,5
LP0515,StudentBook 16,ByteCore,Laptop,2022,899,48,317.1041666666667,8
LP0516,ProBook 15,TechNova,Laptop,2019,1299,52,357.75,7
LP0517,UltraBook 11,ByteCore,Laptop,2023,1699,55,363.8545454545455,6
LP0518,StudentBook 16,ByteCore,Laptop,2019,999,52,387.9423076923077,6
LP0519,WorkBook 17,Apex,Laptop,2021,1699,59,329.50847457627117,6
LP0520,WorkBook 16,Apex,Laptop,2024,1699,58,362.7931034482759,6
LP0521,WorkBook 11,ByteCore,Laptop,2025,899,54,340.9074074074074,5
LP0522,ProBook 11,ByteCore,Laptop,2020,1299,55,347.94545454545454,6
LP0523,UltraBook 16,ByteCore,Laptop,2021,699,47,372.5744680851064,6
LP0524,ProBook 10,ByteCore,Laptop,2022,999,49,405.0816326530612,5
LP0525,AirBook 11,Apex,Laptop,2019,899,59,363.96610169491527,6
LP0526,WorkBook 17,NeoTech,Laptop,2019,699,58,362.37931034482756,7
LP0527,ProBook 15,TechNova,Laptop,2023,1699,52,346.84615384615387,8
LP0528,AirBook 16,TechNova,Laptop,2021,1299,57,390.7719298245614,8
LP0529,WorkBook 11,Apex,Laptop,2023,1699,53,359.0,8
LP0530,UltraBook 16,Apex,Laptop,2020,999,48,375.1875,6
LP0531,AirBook 14,NeoTech,Laptop,2020,699,41,347.219512195122,6
LP0532,UltraBook 16,ByteCore,Laptop,2022,999,48,384.4791666666667,6
LP0533,WorkBook 11,ByteCore,Laptop,2021,899,43,388.8139534883721,7
LP0534,WorkBook 13,NeoTech,Laptop,2019,899,48,347.2916666666667,8
LP0535,AirBook 10,NeoTech,Laptop,2021,1699,52,404.0576923076923,6
LP0536,WorkBook 15,NeoTech,Laptop,2021,1299,60,340.05,8
LP0537,StudentBook 12,ByteCore,Laptop,2021,1699,44,334.04545454545456,6
LP0538,UltraBook 17,ByteCore,Laptop,2020,1299,45,363.6222222222222,7
LP0539,AirBook 14,NeoTech,Laptop,2023,899,59,345.79661016949154,6
LP0540,AirBook 16,ByteCore,Laptop,2025,1299,54,347.25925925925924,6
LP0541,AirBook 11,Apex,Laptop,2023,1699,40,372.6,8
LP0542,UltraBook 10,NeoTech,Laptop,2024,899,49,327.44897959183675,8
LP0543,WorkBook 14,TechNova,Laptop,2025,1299,43,323.8837209302326,5
LP0544,WorkBook 12,ByteCore,Laptop,2020,999,51,352.3921568627451,7
LP0545,UltraBook 16,NeoTech,Laptop,2019,1299,54,323.81481481481484,6
LP0546,StudentBook 17,NeoTech,Laptop,2023,1699,52,374.90384615384613,6
LP0547,WorkBook 10,ByteCore,Laptop,2024,1699,50,387.1,6
LP0548,StudentBook 11,TechNova,Laptop,2025,899,59,367.0,5
LP0549,AirBook 12,TechNova,Laptop,2023,1299,52,298.7692307692308,7
LP0550,AirBook 16,TechNova,Laptop,2019,699,43,268.74418604651163,6
LP0551,AirBook 13,Apex,Laptop,2022,999,47,375.27659574468083,7
LP0552,WorkBook 17,Apex,Laptop,2021,699,42,347.42857142857144,7
LP0553,WorkBook 11,ByteCore,Laptop,2022,699,43,321.3953488372093,7
LP0554,ProBook 12,ByteCore,Laptop,2021,999,62,378.8225806451613,5
LP0555,WorkBook 13,NeoTech,Laptop,2021,1299,38,405.10526315789474,8
LP0556,ProBook 17,NeoTech,Laptop,2021,699,47,351.93617021276594,8
LP0557,AirBook 10,TechNova,Laptop,2019,999,51,392.7843137254902,8
LP0558,ProBook 12,Apex,Laptop,2023,899,47,292.8085106382979,6
LP0559,StudentBook 12,ByteCore,Laptop,2023,1299,56,379.4107142857143,5
LP0560,WorkBook 13,NeoTech,Laptop,2024,899,52,360.09615384615387,7
LP0561,UltraBook 16,NeoTech,Laptop,2019,1699,54,399.5,6
LP0562,UltraBook 17,NeoTech,Laptop,2022,699,40,311.0,8
LP0563,UltraBook 13,ByteCore,Laptop,2025,699,41,366.3170731707317,5
LP0564,StudentBook 11,Apex,Laptop,2021,999,46,331.95652173913044,5
LP0565,UltraBook 17,TechNova,Laptop,2021,1299,48,347.5208333333333,6
LP0566,StudentBook 15,NeoTech,Laptop,2023,1299,52,361.36538461538464,6
LP0567,StudentBook 11,ByteCore,Laptop,2021,1299,45,296.1777777777778,7
LP0568,StudentBook 12,ByteCore,Laptop,2023,1699,48,355.7083333333333,8
LP0569,ProBook 12,ByteCore,Laptop,2019,899,37,337.56756756756755,6
LP0570,AirBook 11,Apex,Laptop,2021,899,51,371.3921568627451,5
LP0571,StudentBook 16,NeoTech,Laptop,2023,899,40,356.5,6
LP0572,StudentBook 16,NeoTech,Laptop,2020,1299,60,377.4166666666667,6
LP0573,StudentBook 12,Apex,Laptop,2022,999,40,391.175,7
LP0574,UltraBook 12,ByteCore,Laptop,2025,1299,53,396.2830188679245,5
LP0575,StudentBook 10,ByteCore,Laptop,2019,1299,48,385.6875,7
LP0576,UltraBook 13,NeoTech,Laptop,2023,1699,58,357.0689655172414,6
LP0577,WorkBook 16,NeoTech,Laptop,2022,1299,43,369.6279069767442,6
LP0578,WorkBook 12,TechNova,Laptop,2023,699,56,357.57142857142856,8
LP0579,UltraBook 14,TechNova,Laptop,2021,899,47,375.7659574468085,7
LP0580,StudentBook 14,Apex,Laptop,2025,1299,44,370.09090909090907,5
LP0581,StudentBook 17,TechNova,Laptop,2023,699,34,360.6764705882353,8
LP0582,AirBook 15,TechNova,Laptop,2025,1299,53,387.41509433962267,7
LP0583,StudentBook 13,NeoTech,Laptop,2019,899,44,340.97727272727275,8
LP0584,AirBook 10,NeoTech,Laptop,2021,999,51,400.94117647058823,8
LP0585,ProBook 17,TechNova,Laptop,2025,899,40,409.075,5
LP0586,UltraBook 15,NeoTech,Laptop,2020,1699,50,397.16,8
LP0587,UltraBook 13,Apex,Laptop,2025,699,58,392.67241379310343,7
LP0588,StudentBook 15,ByteCore,Laptop,2023,1699,47,345.29787234042556,6
LP0589,UltraBook 15,ByteCore,Laptop,2021,1699,50,334.58,6
LP0590,AirBook 11,Apex,Laptop,2025,1299,46,364.0652173913044,6
LP0591,ProBook 14,Apex,Laptop,2024,899,52,379.90384615384613,5
LP0592,UltraBook 12,ByteCore,Laptop,2025,899,51,368.3137254901961,8
LP0593,WorkBook 17,Apex,Laptop,2023,999,46,366.6304347826087,8
LP0594,WorkBook 16,NeoTech,Laptop,2019,699,47,399.74468085106383,5
LP0595,WorkBook 14,ByteCore,Laptop,2022,1299,49,333.3673469387755,8
LP0596,AirBook 10,TechNova,Laptop,2024,1299,43,394.6511627906977,8
LP0597,AirBook 11,NeoTech,Laptop,2020,1299,48,342.9791666666667,8
LP0598,UltraBook 17,ByteCore,Laptop,2021,999,43,330.3953488372093,5
LP0599,AirBook 12,NeoTech,Laptop,2025,999,49,329.2857142857143,7
LP0600,ProBook 10,TechNova,Laptop,2024,1299,43,361.3488372093023,7
LP0601,ProBook 11,Apex,Laptop,2022,1299,52,360.0576923076923,8
LP0602,ProBook 16,Apex,Laptop,2024,899,54,389.64814814814815,8
LP0603,AirBook 12,ByteCore,Laptop,2019,999,55,342.6727272727273,5
LP0604,AirBook 11,ByteCore,Laptop,2024,899,54,365.0,5
LP0605,ProBook 16,ByteCore,Laptop,2024,899,52,350.8076923076923,7
LP0606,WorkBook 11,TechNova,Laptop,2019,899,36,350.44444444444446,6
LP0607,WorkBook 11,Apex,Laptop,2023,899,52,352.90384615384613,6
LP0608,StudentBook 17,TechNova,Laptop,2019,999,46,380.1304347826087,8
LP0609,ProBook 16,Apex,Laptop,2022,699,49,344.2244897959184,6
LP0610,UltraBook 16,TechNova,Laptop,2024,699,57,342.8421052631579,8
LP0611,ProBook 15,ByteCore,Laptop,2021,899,51,345.37254901960785,5
LP0612,WorkBook 12,Apex,Laptop,2019,1699,41,350.2439024390244,7
LP0613,StudentBook 10,Apex,Laptop,2022,999,56,374.7857142857143,5
LP0614,UltraBook 12,NeoTech,Laptop,2023,1299,55,359.58181818181816,5
LP0615,UltraBook 11,TechNova,Laptop,2020,699,53,351.8490566037736,6
LP0616,StudentBook 16,ByteCore,Laptop,2022,999,57,376.8421052631579,7
LP0617,UltraBook 13,ByteCore,Laptop,2024,699,50,343.64,5
LP0618,UltraBook 14,TechNova,Laptop,2025,999,49,388.16326530612247,5
LP0619,UltraBook 13,NeoTech,Laptop,2021,699,56,370.0357142857143,6
LP0620,UltraBook 17,NeoTech,Laptop,2019,899,48,373.6875,8
LP0621,WorkBook 11,TechNova,Laptop,2021,999,39,348.84615384615387,5
LP0622,UltraBook 16,NeoTech,Laptop,2021,1699,48,337.2916666666667,8
LP0623,UltraBook 17,TechNova,Laptop,2019,1699,48,358.5416666666667,6
LP0624,ProBook 10,ByteCore,Laptop,2020,699,61,328.95081967213116,7
LP0625,ProBook 16,ByteCore,Laptop,2024,1699,55,335.25454545454545,5
LP0626,WorkBook 16,NeoTech,Laptop,2019,1699,51,338.45098039215685,6
LP0627,StudentBook 12,ByteCore,Laptop,2019,999,36,322.8611111111111,8
LP0628,ProBook 13,Apex,Laptop,2023,999,51,350.45098039215685,6
LP0629,WorkBook 11,ByteCore,Laptop,2024,1299,54,397.1111111111111,8
LP0630,UltraBook 10,Apex,Laptop,2019,1299,44,362.65909090909093,7
LP0631,ProBook 17,TechNova,Laptop,2021,899,56,375.75,8
LP0632,ProBook 10,Apex,Laptop,2024,699,48,318.2916666666667,7
LP0633,UltraBook 17,ByteCore,Laptop,2023,1699,49,376.7959183673469,7
LP0634,AirBook 12,ByteCore,Laptop,2020,999,49,408.9795918367347,8
LP0635,ProBook 10,ByteCore,Laptop,2025,1299,52,325.0192307692308,6
LP0636,AirBook 11,ByteCore,Laptop,2024,1699,62,379.14516129032256,5
LP0637,ProBook 17,NeoTech,Laptop,2023,999,46,328.6304347826087,5
LP0638,ProBook 17,Apex,Laptop,2021,899,40,376.525,7
LP0639,AirBook 11,TechNova,Laptop,2020,1699,50,329.54,7
LP0640,ProBook 10,TechNova,Laptop,2020,699,59,356.3728813559322,6
LP0641,WorkBook 15,NeoTech,Laptop,2020,899,47,369.3829787234043,8
LP0642,ProBook 16,Apex,Laptop,2021,899,65,337.10769230769233,6
LP0643,WorkBook 15,ByteCore,Laptop,2025,699,56,342.94642857142856,8
LP0644,StudentBook 15,TechNova,Laptop,2023,699,46,405.60869565217394,5
LP0645,UltraBook 13,TechNova,Laptop,2022,699,69,383.8840579710145,6
LP0646,WorkBook 14,ByteCore,Laptop,2021,699,46,401.4130434782609,7
LP0647,StudentBook 17,TechNova,Laptop,2021,899,45,386.8,6
LP0648,AirBook 14,Apex,Laptop,2022,999,66,352.92424242424244,5
LP0649,StudentBook 17,Apex,Laptop,2024,1699,66,420.09090909090907,5
LP0650,UltraBook 12,TechNova,Laptop,2022,699,45,374.6666666666667,5
LP0651,UltraBook 15,TechNova,Laptop,2021,699,41,408.5121951219512,8
LP0652,WorkBook 14,TechNova,Laptop,2020,1699,55,379.94545454545454,5
LP0653,UltraBook 16,NeoTech,Laptop,2019,899,44,386.45454545454544,6
LP0654,AirBook 11,TechNova,Laptop,2020,1699,58,364.7758620689655,7
LP0655,WorkBook 15,NeoTech,Laptop,2024,699,55,389.94545454545454,7
LP0656,StudentBook 11,Apex,Laptop,2024,1299,51,314.5686274509804,7
LP0657,ProBook 10,NeoTech,Laptop,2024,899,51,360.05882352941177,5
LP0658,UltraBook 14,ByteCore,Laptop,2025,999,52,369.11538461538464,6
LP0659,WorkBook 15,ByteCore,Laptop,2022,999,40,353.525,6
LP0660,UltraBook 11,Apex,Laptop,2020,1699,41,363.3658536585366,5
LP0661,ProBook 12,TechNova,Laptop,2020,1299,52,390.53846153846155,8
LP0662,WorkBook 15,NeoTech,Laptop,2019,1699,53,340.4339622641509,5
LP0663,AirBook 13,NeoTech,Laptop,2021,1299,52,364.78846153846155,8
LP0664,AirBook 11,TechNova,Laptop,2020,999,52,408.53846153846155,5
LP0665,StudentBook 10,Apex,Laptop,2025,999,40,400.0,5
LP0666,UltraBook 11,Apex,Laptop,2021,1299,50,312.08,8
LP0667,StudentBook 10,ByteCore,Laptop,2021,899,47,341.93617021276594,5
LP0668,ProBook 16,NeoTech,Laptop,2023,1699,51,405.2549019607843,5
LP0669,UltraBook 11,NeoTech,Laptop,2019,899,53,331.54716981132077,7
LP0670,ProBook 10,TechNova,Laptop,2025,899,43,379.51162790697674,7
LP0671,UltraBook 13,NeoTech,Laptop,2021,699,54,347.68518518518516,8
LP0672,StudentBook 14,TechNova,Laptop,2019,699,36,313.97222222222223,7
LP0673,UltraBook 17,Apex,Laptop,2019,999,51,332.2352941176471,6
LP0674,ProBook 10,NeoTech,Laptop,2019,899,47,360.1063829787234,6
LP0675,StudentBook 16,NeoTech,Laptop,2022,699,65,368.2307692307692,5
LP0676,WorkBook 16,Apex,Laptop,2021,899,49,381.40816326530614,8
LP0677,UltraBook 14,ByteCore,Laptop,2022,899,41,345.0487804878049,6
LP0678,ProBook 13,ByteCore,Laptop,2022,1299,54,365.462962962963,7
LP0679,StudentBook 17,TechNova,Laptop,2019,999,47,350.9574468085106,8
LP0680,WorkBook 12,NeoTech,Laptop,2020,1699,51,357.2156862745098,8
LP0681,UltraBook 10,NeoTech,Laptop,2025,999,41,340.9512195121951,5
LP0682,WorkBook 17,ByteCore,Laptop,2023,1699,63,374.1111111111111,6
LP0683,AirBook 16,ByteCore,Laptop,2020,699,48,405.2291666666667,5
LP0684,AirBook 13,TechNova,Laptop,2025,999,56,368.5357142857143,8
LP0685,ProBook 17,ByteCore,Laptop,2025,1699,46,341.5,6
LP0686,UltraBook 12,TechNova,Laptop,2020,899,48,374.0208333333333,8
LP0687,AirBook 10,Apex,Laptop,2023,1299,44,360.9318181818182,8
LP0688,AirBook 12,Apex,Laptop,2020,1699,62,361.5806451612903,5
LP0689,AirBook 15,TechNova,Laptop,2024,999,56,381.9107142857143,5
LP0690,StudentBook 12,Apex,Laptop,2025,1299,49,420.7551020408163,8
LP0691,StudentBook 14,Apex,Laptop,2022,699,48,404.3958333333333,8
LP0692,ProBook 10,Apex,Laptop,2023,899,50,400.9,7
LP0693,ProBook 17,TechNova,Laptop,2021,1699,30,333.4,8
LP0694,UltraBook 12,ByteCore,Laptop,2024,899,50,352.52,7
LP0695,AirBook 10,TechNova,Laptop,2020,1699,60,373.0,5
LP0696,UltraBook 11,ByteCore,Laptop,2019,999,59,377.9491525423729,7
LP0697,WorkBook 11,ByteCore,Laptop,2021,999,50,388.26,5
LP0698,UltraBook 12,NeoTech,Laptop,2025,1299,42,357.4761904761905,6
LP0699,AirBook 12,ByteCore,Laptop,2020,1699,54,366.4074074074074,5
LP0700,UltraBook 16,ByteCore,Laptop,2024,999,47,339.468085106383,6
LP0701,UltraBook 12,TechNova,Laptop,2024,1699,48,419.8333333333333,8
LP0702,WorkBook 10,Apex,Laptop,2023,999,52,350.6923076923077,5
LP0703,StudentBook 13,TechNova,Laptop,2022,899,54,339.14814814814815,6
LP0704,AirBook 11,Apex,Laptop,2021,999,51,388.84313725490193,6
LP0705,UltraBook 11,ByteCore,Laptop,2022,699,46,361.82608695652175,7
LP0706,AirBook 13,Apex,Laptop,2024,699,51,368.98039215686276,6
LP0707,AirBook 14,TechNova,Laptop,2024,699,60,363.0,6
LP0708,ProBook 16,NeoTech,Laptop,2024,1299,56,413.44642857142856,8
LP0709,UltraBook 16,NeoTech,Laptop,2022,999,58,404.7586206896552,6
LP0710,StudentBook 16,TechNova,Laptop,2025,1299,54,339.72222222222223,6
LP0711,StudentBook 13,Apex,Laptop,2022,699,53,393.54716981132077,6
LP0712,ProBook 14,TechNova,Laptop,2021,999,56,357.57142857142856,6
LP0713,ProBook 11,ByteCore,Laptop,2020,1299,57,373.7719298245614,5
LP0714,UltraBook 11,TechNova,Laptop,2021,1699,56,362.55357142857144,6
LP0715,StudentBook 17,TechNova,Laptop,2022,899,53,377.8867924528302,8
LP0716,StudentBook 16,Apex,Laptop,2019,699,40,359.2,5
LP0717,AirBook 13,Apex,Laptop,2022,1699,54,329.18518518518516,7
LP0718,StudentBook 14,ByteCore,Laptop,2021,899,45,388.6,8
LP0719,ProBook 10,NeoTech,Laptop,2023,1699,51,403.52941176470586,6
LP0720,WorkBook 12,TechNova,Laptop,2021,699,52,388.46153846153845,6
LP0721,WorkBook 11,ByteCore,Laptop,2025,1699,54,454.9259259259259,7
LP0722,WorkBook 13,TechNova,Laptop,2019,899,50,402.8,7
LP0723,UltraBook 14,TechNova,Laptop,2022,699,59,358.3898305084746,6
LP0724,AirBook 16,NeoTech,Laptop,2022,999,46,397.7391304347826,8
LP0725,ProBook 16,Apex,Laptop,2021,1299,52,416.38461538461536,6
LP0726,AirBook 12,NeoTech,Laptop,2019,999,45,338.6,5
LP0727,WorkBook 17,ByteCore,Laptop,2020,999,39,348.3333333333333,8
LP0728,StudentBook 10,Apex,Laptop,2025,699,47,349.72340425531917,5
LP0729,ProBook 15,NeoTech,Laptop,2025,1699,60,372.48333333333335,5
LP0730,UltraBook 10,NeoTech,Laptop,2025,1699,38,407.60526315789474,7
LP0731,WorkBook 17,Apex,Laptop,2022,999,49,350.42857142857144,5
LP0732,ProBook 16,TechNova,Laptop,2023,1699,51,416.01960784313724,8
LP0733,StudentBook 12,TechNova,Laptop,2025,1299,40,368.575,5
LP0734,UltraBook 12,Apex,Laptop,2025,899,39,355.43589743589746,5
LP0735,UltraBook 10,NeoTech,Laptop,2019,1299,56,349.5,8
LP0736,UltraBook 12,ByteCore,Laptop,2021,699,55,400.25454545454545,5
LP0737,ProBook 16,NeoTech,Laptop,2023,999,51,389.05882352941177,8
LP0738,AirBook 17,TechNova,Laptop,2025,1699,57,378.9122807017544,5
LP0739,StudentBook 16,TechNova,Laptop,2022,899,51,404.15686274509807,8
LP0740,UltraBook 11,TechNova,Laptop,2023,699,39,387.2307692307692,8
LP0741,AirBook 15,NeoTech,Laptop,2021,1299,42,335.04761904761904,8
LP0742,WorkBook 17,TechNova,Laptop,2020,999,51,363.47058823529414,8
LP0743,WorkBook 12,NeoTech,Laptop,2019,1299,45,374.0,7
LP0744,AirBook 13,TechNova,Laptop,2024,1299,58,376.3448275862069,8
LP0745,AirBook 15,TechNova,Laptop,2021,999,49,382.40816326530614,5
LP0746,AirBook 14,NeoTech,Laptop,2025,699,42,387.8809523809524,8
LP0747,UltraBook 12,ByteCore,Laptop,2024,1299,53,393.1132075471698,5
LP0748,AirBook 14,NeoTech,Laptop,2023,699,48,400.4166666666667,5
LP0749,UltraBook 17,Apex,Laptop,2025,1299,53,390.4339622641509,8
LP0750,WorkBook 15,TechNova,Laptop,2023,899,45,353.75555555555553,7
LP0751,ProBook 14,NeoTech,Laptop,2020,1699,50,403.22,5
LP0752,StudentBook 10,Apex,Laptop,2020,899,56,332.07142857142856,7
LP0753,ProBook 13,TechNova,Laptop,2022,699,53,337.77358490566036,8
LP0754,AirBook 13,ByteCore,Laptop,2021,1299,47,392.8723404255319,7
LP0755,StudentBook 16,TechNova,Laptop,2024,699,52,360.86538461538464,5
LP0756,UltraBook 15,NeoTech,Laptop,2023,1299,40,397.025,8
LP0757,UltraBook 17,ByteCore,Laptop,2021,899,54,371.8888888888889,5
LP0758,AirBook 11,ByteCore,Laptop,2019,1299,40,433.175,5
LP0759,ProBook 12,Apex,Laptop,2025,899,52,389.65384615384613,6
LP0760,UltraBook 13,ByteCore,Laptop,2024,1299,53,395.39622641509436,7
LP0761,StudentBook 10,TechNova,Laptop,2022,899,49,305.38775510204084,8
LP0762,UltraBook 10,Apex,Laptop,2021,1699,59,362.77966101694915,6
LP0763,AirBook 14,NeoTech,Laptop,2022,999,54,343.7962962962963,5
LP0764,WorkBook 14,Apex,Laptop,2022,999,54,357.48148148148147,6
LP0765,StudentBook 16,TechNova,Laptop,2019,1699,40,352.775,6
LP0766,AirBook 14,ByteCore,Laptop,2024,699,60,402.3666666666667,5
LP0767,WorkBook 11,ByteCore,Laptop,2021,999,58,387.5,6
LP0768,AirBook 14,ByteCore,Laptop,2020,899,56,368.67857142857144,5
LP0769,StudentBook 13,TechNova,Laptop,2025,1699,35,360.57142857142856,6
LP0770,WorkBook 15,Apex,Laptop,2024,699,39,372.12820512820514,6
LP0771,WorkBook 14,ByteCore,Laptop,2022,1299,53,378.0377358490566,5
LP0772,WorkBook 10,Apex,Laptop,2021,899,47,368.9574468085106,5
LP0773,StudentBook 17,ByteCore,Laptop,2023,999,40,357.75,6
LP0774,UltraBook 12,ByteCore,Laptop,2019,1299,50,348.36,7
LP0775,UltraBook 14,Apex,Laptop,2024,999,64,393.0625,5
LP0776,ProBook 13,ByteCore,Laptop,2020,999,48,349.375,6
LP0777,WorkBook 15,ByteCore,Laptop,2021,1699,51,320.47058823529414,8
LP0778,AirBook 17,TechNova,Laptop,2022,699,65,373.7692307692308,6
LP0779,StudentBook 11,NeoTech,Laptop,2020,1699,50,322.18,8
LP0780,ProBook 16,ByteCore,Laptop,2022,699,64,364.90625,8
LP0781,UltraBook 12,Apex,Laptop,2021,1299,40,350.35,5
LP0782,StudentBook 17,Apex,Laptop,2021,899,58,356.1551724137931,8
LP0783,ProBook 17,ByteCore,Laptop,2024,899,54,351.01851851851853,7
LP0784,AirBook 10,TechNova,Laptop,2022,999,49,415.7142857142857,6
LP0785,UltraBook 12,Apex,Laptop,2022,699,55,360.1272727272727,8
LP0786,UltraBook 16,NeoTech,Laptop,2022,1299,53,370.5660377358491,6
LP0787,WorkBook 16,TechNova,Laptop,2019,1699,50,357.94,7
LP0788,UltraBook 15,TechNova,Laptop,2021,1699,65,369.18461538461537,6
LP0789,UltraBook 10,TechNova,Laptop,2024,899,45,383.73333333333335,6
LP0790,UltraBook 15,ByteCore,Laptop,2020,699,50,398.2,7
LP0791,WorkBook 14,Apex,Laptop,2019,699,45,339.77777777777777,7
LP0792,AirBook 14,NeoTech,Laptop,2024,1699,66,339.3181818181818,7
LP0793,StudentBook 15,NeoTech,Laptop,2024,899,63,373.3492063492063,6
LP0794,AirBook 17,ByteCore,Laptop,2025,899,66,331.1363636363636,6
LP0795,UltraBook 16,TechNova,Laptop,2020,899,49,339.9591836734694,5
LP0796,UltraBook 13,TechNova,Laptop,2023,1699,49,359.46938775510205,5
LP0797,UltraBook 11,ByteCore,Laptop,2024,699,50,364.3,5
LP0798,WorkBook 14,TechNova,Laptop,2023,699,52,327.9230769230769,8
LP0799,ProBook 10,TechNova,Laptop,2024,699,55,308.54545454545456,6
LP0800,WorkBook 17,NeoTech,Laptop,2019,1699,51,374.15686274509807,6
LP0801,AirBook 17,Apex,Laptop,2020,699,56,395.55357142857144,5
LP0802,AirBook 16,TechNova,Laptop,2024,1699,31,378.258064516129,8
LP0803,AirBook 12,NeoTech,Laptop,2025,699,46,303.7608695652174,8
LP0804,StudentBook 11,ByteCore,Laptop,2019,699,37,384.0810810810811,6
LP0805,WorkBook 13,Apex,Laptop,2025,999,47,372.531914893617,6
LP0806,StudentBook 13,ByteCore,Laptop,2024,1299,48,367.7708333333333,5
LP0807,AirBook 12,TechNova,Laptop,2023,1299,66,339.8333333333333,5
LP0808,UltraBook 17,ByteCore,Laptop,2020,699,40,347.375,8
LP0809,ProBook 11,TechNova,Laptop,2025,1699,59,408.08474576271186,6
LP0810,WorkBook 12,TechNova,Laptop,2025,1699,48,296.0833333333333,5
LP0811,ProBook 11,ByteCore,Laptop,2024,899,45,393.24444444444447,7
LP0812,WorkBook 14,ByteCore,Laptop,2022,699,63,369.5238095238095,6
LP0813,ProBook 12,TechNova,Laptop,2025,999,65,382.24615384615385,5
LP0814,AirBook 15,NeoTech,Laptop,2024,699,75,349.18666666666667,7
LP0815,ProBook 10,TechNova,Laptop,2025,899,54,423.1666666666667,8
LP0816,UltraBook 15,ByteCore,Laptop,2022,1699,65,359.0153846153846,7
LP0817,AirBook 11,ByteCore,Laptop,2025,999,39,360.20512820512823,7
LP0818,UltraBook 11,NeoTech,Laptop,2022,1299,40,361.4,7
LP0819,AirBook 16,NeoTech,Laptop,2025,1299,58,324.0344827586207,6
LP0820,UltraBook 11,Apex,Laptop,2024,699,62,347.69354838709677,8
LP0821,UltraBook 11,NeoTech,Laptop,2023,1299,44,391.90909090909093,6
LP0822,StudentBook 17,Apex,Laptop,2023,1299,54,366.68518518518516,8
LP0823,AirBook 10,Apex,Laptop,2022,1299,45,379.6,6
LP0824,ProBook 16,NeoTech,Laptop,2019,699,43,393.7674418604651,8
LP0825,AirBook 15,TechNova,Laptop,2024,1699,51,326.4901960784314,7
LP0826,StudentBook 13,ByteCore,Laptop,2023,1699,49,338.59183673469386,6
LP0827,StudentBook 11,NeoTech,Laptop,2024,899,69,375.3623188405797,5
LP0828,WorkBook 15,NeoTech,Laptop,2020,1699,61,338.9672131147541,6
LP0829,StudentBook 10,TechNova,Laptop,2024,899,49,330.6734693877551,5
LP0830,StudentBook 17,NeoTech,Laptop,2025,899,43,365.5813953488372,6
LP0831,ProBook 17,ByteCore,Laptop,2020,999,44,367.0,6
LP0832,AirBook 10,Apex,Laptop,2023,1299,45,419.24444444444447,5
LP0833,WorkBook 13,TechNova,Laptop,2022,1299,50,329.74,5
LP0834,StudentBook 17,TechNova,Laptop,2025,1299,63,388.0952380952381,8
LP0835,WorkBook 15,TechNova,Laptop,2022,699,51,367.94117647058823,7
LP0836,ProBook 16,NeoTech,Laptop,2019,1699,41,300.7073170731707,8
LP0837,StudentBook 10,TechNova,Laptop,2025,1699,48,331.4166666666667,7
LP0838,StudentBook 14,Apex,Laptop,2024,1299,52,393.13461538461536,8
LP0839,AirBook 15,TechNova,Laptop,2025,899,59,353.06779661016947,8
LP0840,WorkBook 15,NeoTech,Laptop,2024,999,40,367.025,5
LP0841,WorkBook 11,TechNova,Laptop,2025,899,52,364.6923076923077,8
LP0842,ProBook 15,ByteCore,Laptop,2025,999,48,376.0416666666667,6
LP0843,StudentBook 15,TechNova,Laptop,2019,899,51,387.3529411764706,6
LP0844,WorkBook 12,NeoTech,Laptop,2019,999,46,349.9130434782609,5
LP0845,StudentBook 13,Apex,Laptop,2019,1299,50,379.66,8
LP0846,UltraBook 17,Apex,Laptop,2024,999,50,369.48,8
LP0847,ProBook 16,TechNova,Laptop,2024,1699,51,392.52941176470586,6
LP0848,ProBook 17,NeoTech,Laptop,2024,1699,43,393.86046511627904,8
LP0849,StudentBook 12,NeoTech,Laptop,2019,1699,48,344.2083333333333,6
LP0850,ProBook 16,NeoTech,Laptop,2023,899,41,385.8536585365854,7
LP0851,StudentBook 12,Apex,Laptop,2019,1299,62,390.258064516129,8
LP0852,StudentBook 15,NeoTech,Laptop,2022,1699,48,371.75,5
LP0853,UltraBook 14,NeoTech,Laptop,2021,999,54,362.18518518518516,7
LP0854,WorkBook 12,Apex,Laptop,2022,1699,58,387.51724137931035,5
LP0855,StudentBook 14,ByteCore,Laptop,2024,1699,48,331.8958333333333,7
LP0856,UltraBook 13,Apex,Laptop,2023,999,39,380.8974358974359,6
LP0857,AirBook 12,Apex,Laptop,2023,1699,38,411.60526315789474,7
LP0858,AirBook 11,ByteCore,Laptop,2023,1299,49,402.2040816326531,6
LP0859,StudentBook 16,ByteCore,Laptop,2025,1299,46,380.7173913043478,5
LP0860,ProBook 11,TechNova,Laptop,2022,899,55,341.58181818181816,8
LP0861,ProBook 10,Apex,Laptop,2021,899,37,352.13513513513516,6
LP0862,AirBook 14,Apex,Laptop,2025,699,44,382.1136363636364,7
LP0863,AirBook 13,TechNova,Laptop,2021,1299,39,341.5897435897436,8
LP0864,ProBook 13,NeoTech,Laptop,2020,1699,48,358.9166666666667,6
LP0865,AirBook 10,NeoTech,Laptop,2022,1299,46,349.2826086956522,5
LP0866,AirBook 10,TechNova,Laptop,2024,999,47,329.51063829787233,6
LP0867,UltraBook 17,Apex,Laptop,2024,999,49,341.16326530612247,8
LP0868,StudentBook 13,Apex,Laptop,2021,1299,58,352.1896551724138,6
LP0869,UltraBook 11,Apex,Laptop,2020,1699,45,377.6222222222222,6
LP0870,ProBook 16,TechNova,Laptop,2022,999,53,366.75471698113205,6
LP0871,StudentBook 14,Apex,Laptop,2020,1699,52,400.9230769230769,8
LP0872,AirBook 10,ByteCore,Laptop,2022,899,61,361.95081967213116,8
LP0873,ProBook 12,ByteCore,Laptop,2023,699,43,372.90697674418607,5
LP0874,StudentBook 14,NeoTech,Laptop,2025,1699,39,400.8974358974359,7
LP0875,StudentBook 15,TechNova,Laptop,2025,999,45,369.75555555555553,6
LP0876,StudentBook 13,Apex,Laptop,2023,699,46,394.7608695652174,8
LP0877,StudentBook 12,NeoTech,Laptop,2023,1699,59,391.79661016949154,7
LP0878,WorkBook 11,ByteCore,Laptop,2020,899,41,345.780487804878,6
LP0879,AirBook 15,ByteCore,Laptop,2021,899,49,423.46938775510205,6
LP0880,StudentBook 17,TechNova,Laptop,2019,999,50,378.16,5
LP0881,WorkBook 13,Apex,Laptop,2019,999,47,357.0,8
LP0882,WorkBook 11,NeoTech,Laptop,2021,1699,45,403.9555555555556,8
LP0883,AirBook 10,ByteCore,Laptop,2023,1699,57,399.9824561403509,8
LP0884,WorkBook 17,TechNova,Laptop,2021,899,44,343.8181818181818,8
LP0885,AirBook 11,TechNova,Laptop,2020,1699,40,323.575,7
LP0886,StudentBook 10,TechNova,Laptop,2020,899,56,344.2857142857143,6
LP0887,WorkBook 11,Apex,Laptop,2023,1299,52,313.65384615384613,5
LP0888,ProBook 12,TechNova,Laptop,2022,999,53,369.3018867924528,7
LP0889,ProBook 11,TechNova,Laptop,2019,899,50,387.42,8
LP0890,AirBook 11,Apex,Laptop,2021,1299,52,379.03846153846155,6
LP0891,WorkBook 17,NeoTech,Laptop,2022,999,52,346.71153846153845,8
LP0892,ProBook 16,TechNova,Laptop,2023,699,45,339.8222222222222,8
LP0893,StudentBook 11,TechNova,Laptop,2024,699,47,363.1063829787234,5
LP0894,AirBook 11,ByteCore,Laptop,2025,999,47,352.1276595744681,7
LP0895,StudentBook 11,ByteCore,Laptop,2025,1299,42,352.7142857142857,6
LP0896,WorkBook 16,TechNova,Laptop,2022,899,52,392.0576923076923,7
LP0897,StudentBook 13,Apex,Laptop,2024,1299,43,312.6744186046512,6
LP0898,StudentBook 14,Apex,Laptop,2021,999,57,377.96491228070175,7
LP0899,ProBook 12,TechNova,Laptop,2019,699,49,351.53061224489795,5
LP0900,StudentBook 16,TechNova,Laptop,2021,899,46,334.2391304347826,8
LP0901,AirBook 13,NeoTech,Laptop,2024,1699,47,391.25531914893617,8
LP0902,UltraBook 12,Apex,Laptop,2020,1699,70,398.84285714285716,6
LP0903,AirBook 13,TechNova,Laptop,2020,1699,55,419.2181818181818,7
LP0904,ProBook 17,TechNova,Laptop,2021,699,38,364.0,8
LP0905,AirBook 11,Apex,Laptop,2024,1699,40,375.9,6
LP0906,WorkBook 15,ByteCore,Laptop,2020,899,51,417.4901960784314,7
LP0907,ProBook 14,TechNova,Laptop,2020,999,48,363.3541666666667,5
LP0908,WorkBook 17,ByteCore,Laptop,2023,999,49,334.46938775510205,5
LP0909,StudentBook 12,ByteCore,Laptop,2025,999,56,387.85714285714283,6
LP0910,WorkBook 12,TechNova,Laptop,2021,899,47,372.0851063829787,5
LP0911,UltraBook 16,ByteCore,Laptop,2025,999,50,359.14,5
LP0912,UltraBook 15,NeoTech,Laptop,2022,1299,51,367.7450980392157,7
LP0913,AirBook 14,NeoTech,Laptop,2023,699,49,401.3469387755102,6
LP0914,UltraBook 11,ByteCore,Laptop,2025,899,48,350.0625,5
LP0915,StudentBook 13,ByteCore,Laptop,2024,699,47,384.9574468085106,8
LP0916,ProBook 10,TechNova,Laptop,2025,1699,60,325.8,7
LP0917,StudentBook 16,Apex,Laptop,2019,1699,59,327.23728813559325,5
LP0918,AirBook 17,Apex,Laptop,2021,1299,40,377.75,5
LP0919,UltraBook 14,Apex,Laptop,2022,1699,47,397.6170212765957,5
LP0920,StudentBook 11,NeoTech,Laptop,2021,1699,55,372.90909090909093,5
LP0921,ProBook 13,Apex,Laptop,2025,1699,38,349.0263157894737,7
LP0922,UltraBook 17,Apex,Laptop,2020,1699,41,326.2926829268293,8
LP0923,StudentBook 12,NeoTech,Laptop,2021,699,39,375.9230769230769,7
LP0924,UltraBook 17,Apex,Laptop,2019,999,47,367.1489361702128,5
LP0925,AirBook 13,TechNova,Laptop,2024,899,50,376.6,6
LP0926,StudentBook 15,NeoTech,Laptop,2022,1299,46,280.9782608695652,8
LP0927,ProBook 10,ByteCore,Laptop,2019,1699,45,367.6,6
LP0928,AirBook 14,Apex,Laptop,2022,1299,40,352.225,7
LP0929,AirBook 11,ByteCore,Laptop,2022,899,41,341.5121951219512,5
LP0930,StudentBook 16,ByteCore,Laptop,2025,999,59,352.59322033898303,6
LP0931,WorkBook 17,TechNova,Laptop,2023,899,51,383.921568627451,8
LP0932,WorkBook 12,Apex,Laptop,2019,1699,63,374.8253968253968,5
LP0933,AirBook 13,Apex,Laptop,2020,899,53,394.2641509433962,8
LP0934,AirBook 11,Apex,Laptop,2022,999,43,402.74418604651163,5
LP0935,ProBook 17,NeoTech,Laptop,2022,899,48,419.3125,8
LP0936,StudentBook 12,NeoTech,Laptop,2019,899,58,340.67241379310343,7
LP0937,ProBook 12,Apex,Laptop,2020,1699,49,354.1224489795918,8
LP0938,ProBook 12,TechNova,Laptop,2020,999,63,371.85714285714283,7
LP0939,UltraBook 16,TechNova,Laptop,2024,999,40,303.45,8
LP0940,ProBook 13,NeoTech,Laptop,2023,1299,60,341.4,5
LP0941,WorkBook 12,Apex,Laptop,2025,1299,51,371.1372549019608,6
LP0942,StudentBook 12,Apex,Laptop,2023,1699,50,363.32,6
LP0943,AirBook 12,ByteCore,Laptop,2022,1699,39,372.7692307692308,7
LP0944,StudentBook 11,Apex,Laptop,2022,1299,45,336.0888888888889,5
LP0945,UltraBook 11,TechNova,Laptop,2020,1699,52,359.86538461538464,5
LP0946,StudentBook 16,Apex,Laptop,2023,699,53,362.7358490566038,7
LP0947,UltraBook 17,TechNova,Laptop,2025,1699,62,344.33870967741933,6
LP0948,StudentBook 11,TechNova,Laptop,2022,899,40,363.775,6
LP0949,StudentBook 10,NeoTech,Laptop,2023,1299,53,391.41509433962267,7
LP0950,AirBook 10,NeoTech,Laptop,2020,1299,46,422.32608695652175,8
LP0951,WorkBook 15,TechNova,Laptop,2022,899,54,379.3888888888889,7
LP0952,AirBook 17,Apex,Laptop,2025,699,44,389.1818181818182,8
LP0953,AirBook 16,ByteCore,Laptop,2020,699,57,348.8421052631579,6
LP0954,ProBook 11,TechNova,Laptop,2022,899,56,366.1607142857143,7
LP0955,AirBook 16,ByteCore,Laptop,2019,899,67,359.56716417910445,5
LP0956,WorkBook 14,ByteCore,Laptop,2025,1699,57,352.82456140350877,7
LP0957,WorkBook 15,ByteCore,Laptop,2024,1299,59,351.20338983050846,6
LP0958,UltraBook 16,NeoTech,Laptop,2020,999,48,404.6458333333333,8
LP0959,StudentBook 17,ByteCore,Laptop,2021,1699,47,381.06382978723406,5
LP0960,AirBook 16,Apex,Laptop,2025,699,39,352.05128205128204,7
LP0961,UltraBook 17,Apex,Laptop,2019,899,56,345.14285714285717,5
LP0962,StudentBook 16,ByteCore,Laptop,2025,1699,59,345.06779661016947,8
LP0963,StudentBook 10,Apex,Laptop,2022,699,45,414.3777777777778,5
LP0964,ProBook 12,NeoTech,Laptop,2023,1299,37,301.35135135135135,8
LP0965,ProBook 11,ByteCore,Laptop,2020,999,44,381.52272727272725,8
LP0966,ProBook 10,NeoTech,Laptop,2022,1699,49,365.53061224489795,7
LP0967,StudentBook 14,TechNova,Laptop,2025,899,37,307.86486486486484,8
LP0968,WorkBook 17,TechNova,Laptop,2020,1699,62,315.69354838709677,8
LP0969,AirBook 13,TechNova,Laptop,2025,1699,55,397.07272727272726,7
LP0970,StudentBook 13,Apex,Laptop,2024,699,49,375.9591836734694,8
LP0971,AirBook 13,TechNova,Laptop,2020,699,45,362.97777777777776,7
LP0972,AirBook 16,ByteCore,Laptop,2024,1299,53,390.39622641509436,6
LP0973,WorkBook 13,TechNova,Laptop,2024,699,38,344.89473684210526,6
LP0974,ProBook 14,ByteCore,Laptop,2021,999,62,366.5483870967742,6
LP0975,UltraBook 13,NeoTech,Laptop,2022,1699,53,354.66037735849056,6
LP0976,ProBook 14,Apex,Laptop,2022,1699,44,347.02272727272725,7
LP0977,ProBook 11,ByteCore,Laptop,2021,699,45,342.8,6
LP0978,StudentBook 14,ByteCore,Laptop,2024,1299,50,349.18,7
LP0979,WorkBook 17,Apex,Laptop,2025,999,54,343.6666666666667,6
LP0980,WorkBook 17,TechNova,Laptop,2022,699,52,394.03846153846155,8
LP0981,AirBook 11,NeoTech,Laptop,2024,899,49,361.57142857142856,6
LP0982,UltraBook 15,NeoTech,Laptop,2021,1699,54,387.68518518518516,7
LP0983,StudentBook 10,ByteCore,Laptop,2020,999,43,402.3720930232558,6
LP0984,ProBook 16,ByteCore,Laptop,2019,1699,56,369.2857142857143,8
LP0985,UltraBook 17,ByteCore,Laptop,2021,899,41,371.4878048780488,5
LP0986,StudentBook 14,Apex,Laptop,2024,899,45,386.26666666666665,7
LP0987,WorkBook 13,Apex,Laptop,2024,899,44,358.1136363636364,5
LP0988,AirBook 13,Apex,Laptop,2020,899,61,410.0983606557377,8
LP0989,StudentBook 15,Apex,Laptop,2025,699,38,294.92105263157896,8
LP0990,ProBook 11,NeoTech,Laptop,2023,699,48,369.9166666666667,5
LP0991,StudentBook 10,NeoTech,Laptop,2021,1699,60,340.6,6
LP0992,AirBook 17,ByteCore,Laptop,2022,899,52,331.03846153846155,6
LP0993,StudentBook 14,NeoTech,Laptop,2020,1699,52,392.9230769230769,7
LP0994,UltraBook 10,NeoTech,Laptop,2022,1699,42,358.7142857142857,7
LP0995,ProBook 15,NeoTech,Laptop,2025,899,45,358.46666666666664,6
LP0996,WorkBook 11,NeoTech,Laptop,2021,699,57,358.280701754386,5
LP0997,ProBook 13,NeoTech,Laptop,2023,699,50,374.88,6
LP0998,AirBook 15,ByteCore,Laptop,2020,1699,54,393.25925925925924,5
LP0999,AirBook 13,ByteCore,Laptop,2022,1699,45,367.8,5
LP1000,AirBook 15,Apex,Laptop,2022,1299,59,382.0,5
